{
    "Ar36": {
        "error": 0.004960802289114515, 
        "filter_outliers_dict": {
            "filter_outliers": true, 
            "iterations": 2, 
            "std_devs": 2
        }, 
        "fit": "Parabolic", 
        "value": 6.150298819947612
    }, 
    "Ar37": {
        "error": 0.012572620970055461, 
        "filter_outliers_dict": {
            "filter_outliers": true, 
            "iterations": 2, 
            "std_devs": 2
        }, 
        "fit": "linear", 
        "value": 0.3336539391653397
    }, 
    "Ar38": {
        "error": 0.013457708940623512, 
        "filter_outliers_dict": {
            "filter_outliers": true, 
            "iterations": 2, 
            "std_devs": 2
        }, 
        "fit": "linear", 
        "value": 1.4398677699703293
    }, 
    "Ar39": {
        "error": 0.022201221904251795, 
        "filter_outliers_dict": {
            "filter_outliers": true, 
            "iterations": 2, 
            "std_devs": 2
        }, 
        "fit": "Parabolic", 
        "value": 9.990399978142637
    }, 
    "Ar40": {
        "error": 0.08756063706535476, 
        "filter_outliers_dict": {
            "filter_outliers": true, 
            "iterations": 2, 
            "std_devs": 2
        }, 
        "fit": "Parabolic", 
        "value": 1869.7325790437949
    }
}