{
    "Ar36": {
        "error": 0.00118528571291179, 
        "filter_outliers_dict": {
            "filter_outliers": true, 
            "iterations": 2, 
            "std_devs": 2
        }, 
        "fit": "Parabolic", 
        "value": 0.29243744881389605
    }, 
    "Ar37": {
        "error": 0.010724107968597801, 
        "filter_outliers_dict": {
            "filter_outliers": true, 
            "iterations": 2, 
            "std_devs": 2
        }, 
        "fit": "linear", 
        "value": 1.8293678130644109
    }, 
    "Ar38": {
        "error": 0.012845906133061085, 
        "filter_outliers_dict": {
            "filter_outliers": true, 
            "iterations": 2, 
            "std_devs": 2
        }, 
        "fit": "linear", 
        "value": 0.002486637790862717
    }, 
    "Ar39": {
        "error": 0.021738316362406078, 
        "filter_outliers_dict": {
            "filter_outliers": true, 
            "iterations": 2, 
            "std_devs": 2
        }, 
        "fit": "Parabolic", 
        "value": 2.8622348575149656
    }, 
    "Ar40": {
        "error": 0.025219628491443897, 
        "filter_outliers_dict": {
            "filter_outliers": true, 
            "iterations": 2, 
            "std_devs": 2
        }, 
        "fit": "Parabolic", 
        "value": 96.63122448035973
    }
}