{
    "Ar36": {
        "error": 0.0001856765816463505, 
        "filter_outliers_dict": {
            "filter_outliers": true, 
            "iterations": 1, 
            "std_devs": 2
        }, 
        "fit": "Parabolic", 
        "value": 0.006368437130831742
    }, 
    "Ar37": {
        "error": 0.009728013278855911, 
        "filter_outliers_dict": {
            "filter_outliers": true, 
            "iterations": 1, 
            "std_devs": 2
        }, 
        "fit": "linear", 
        "value": -0.027207869218635827
    }, 
    "Ar38": {
        "error": 0.010325294872740247, 
        "filter_outliers_dict": {
            "filter_outliers": true, 
            "iterations": 1, 
            "std_devs": 2
        }, 
        "fit": "linear", 
        "value": -1.3789328587470688
    }, 
    "Ar39": {
        "error": 0.019138311943172153, 
        "filter_outliers_dict": {
            "filter_outliers": true, 
            "iterations": 1, 
            "std_devs": 2
        }, 
        "fit": "Parabolic", 
        "value": 11.74239857953046
    }, 
    "Ar40": {
        "error": 0.023902827485272057, 
        "filter_outliers_dict": {
            "filter_outliers": true, 
            "iterations": 1, 
            "std_devs": 2
        }, 
        "fit": "Parabolic", 
        "value": 167.29876819040066
    }
}