{
    "Ar36": {
        "error": 0.0008370573828020758, 
        "filter_outliers_dict": {
            "filter_outliers": true, 
            "iterations": 2, 
            "std_devs": 2
        }, 
        "fit": "Parabolic", 
        "value": 0.16482880606274494
    }, 
    "Ar37": {
        "error": 0.01192583263603599, 
        "filter_outliers_dict": {
            "filter_outliers": true, 
            "iterations": 2, 
            "std_devs": 2
        }, 
        "fit": "linear", 
        "value": 3.1639561633748707
    }, 
    "Ar38": {
        "error": 0.01389162958254157, 
        "filter_outliers_dict": {
            "filter_outliers": true, 
            "iterations": 2, 
            "std_devs": 2
        }, 
        "fit": "linear", 
        "value": 0.06509052689013417
    }, 
    "Ar39": {
        "error": 0.022616274262447496, 
        "filter_outliers_dict": {
            "filter_outliers": true, 
            "iterations": 2, 
            "std_devs": 2
        }, 
        "fit": "Parabolic", 
        "value": 6.036640263272294
    }, 
    "Ar40": {
        "error": 0.02205290235465916, 
        "filter_outliers_dict": {
            "filter_outliers": true, 
            "iterations": 2, 
            "std_devs": 2
        }, 
        "fit": "Parabolic", 
        "value": 61.916589291466295
    }
}