{
    "Ar36": {
        "error": 0.00024196107451074863, 
        "filter_outliers_dict": {
            "filter_outliers": true, 
            "iterations": 1, 
            "std_devs": 2
        }, 
        "fit": "Parabolic", 
        "value": 0.008879354485998255
    }, 
    "Ar37": {
        "error": 0.005307117738754972, 
        "filter_outliers_dict": {
            "filter_outliers": true, 
            "iterations": 1, 
            "std_devs": 2
        }, 
        "fit": "linear", 
        "value": 0.7558683411559008
    }, 
    "Ar38": {
        "error": 0.002342615598043006, 
        "filter_outliers_dict": {
            "filter_outliers": true, 
            "iterations": 1, 
            "std_devs": 2
        }, 
        "fit": "linear", 
        "value": 0.9602238141316788
    }, 
    "Ar39": {
        "error": 0.015205595791564623, 
        "filter_outliers_dict": {
            "filter_outliers": true, 
            "iterations": 1, 
            "std_devs": 2
        }, 
        "fit": "Parabolic", 
        "value": 73.39233928404948
    }, 
    "Ar40": {
        "error": 0.011907335673215889, 
        "filter_outliers_dict": {
            "filter_outliers": true, 
            "iterations": 1, 
            "std_devs": 2
        }, 
        "fit": "Parabolic", 
        "value": 31.942909904242768
    }, 
    "PM41": {
        "error": 0.06805931721962653, 
        "filter_outliers_dict": {
            "filter_outliers": false, 
            "iterations": 1, 
            "std_devs": 2
        }, 
        "fit": "linear", 
        "value": -0.15333508190781972
    }
}