{
    "Ar36": {
        "error": 0.0001819199739906562, 
        "filter_outliers_dict": {
            "filter_outliers": true, 
            "iterations": 1, 
            "std_devs": 2
        }, 
        "fit": "Parabolic", 
        "value": 0.0058922094407888904
    }, 
    "Ar37": {
        "error": 0.005310041203382788, 
        "filter_outliers_dict": {
            "filter_outliers": true, 
            "iterations": 1, 
            "std_devs": 2
        }, 
        "fit": "linear", 
        "value": 1.8611926799252987
    }, 
    "Ar38": {
        "error": 0.002573247210381842, 
        "filter_outliers_dict": {
            "filter_outliers": true, 
            "iterations": 1, 
            "std_devs": 2
        }, 
        "fit": "linear", 
        "value": 2.067894025231177
    }, 
    "Ar39": {
        "error": 0.018614288738487694, 
        "filter_outliers_dict": {
            "filter_outliers": true, 
            "iterations": 1, 
            "std_devs": 2
        }, 
        "fit": "Parabolic", 
        "value": 164.75950409332486
    }, 
    "Ar40": {
        "error": 0.012291843735384163, 
        "filter_outliers_dict": {
            "filter_outliers": true, 
            "iterations": 1, 
            "std_devs": 2
        }, 
        "fit": "Parabolic", 
        "value": 69.10831479201593
    }, 
    "PM41": {
        "error": 0.06594364244286999, 
        "filter_outliers_dict": {
            "filter_outliers": false, 
            "iterations": 1, 
            "std_devs": 2
        }, 
        "fit": "linear", 
        "value": -0.1791810059695647
    }
}