{
    "Ar36": {
        "error": 0.0002423550158965874, 
        "filter_outliers_dict": {
            "filter_outliers": true, 
            "iterations": 1, 
            "std_devs": 2
        }, 
        "fit": "Parabolic", 
        "value": 0.012871908031183774
    }, 
    "Ar37": {
        "error": 0.0055088672273307625, 
        "filter_outliers_dict": {
            "filter_outliers": true, 
            "iterations": 1, 
            "std_devs": 2
        }, 
        "fit": "linear", 
        "value": 3.2681209904061683
    }, 
    "Ar38": {
        "error": 0.0025118194310560474, 
        "filter_outliers_dict": {
            "filter_outliers": true, 
            "iterations": 1, 
            "std_devs": 2
        }, 
        "fit": "linear", 
        "value": 3.392620494825737
    }, 
    "Ar39": {
        "error": 0.020795952753159645, 
        "filter_outliers_dict": {
            "filter_outliers": true, 
            "iterations": 1, 
            "std_devs": 2
        }, 
        "fit": "Parabolic", 
        "value": 270.24424369600627
    }, 
    "Ar40": {
        "error": 0.01541090577552672, 
        "filter_outliers_dict": {
            "filter_outliers": true, 
            "iterations": 1, 
            "std_devs": 2
        }, 
        "fit": "Parabolic", 
        "value": 115.74302795258951
    }, 
    "PM41": {
        "error": 0.06658886771917853, 
        "filter_outliers_dict": {
            "filter_outliers": false, 
            "iterations": 1, 
            "std_devs": 2
        }, 
        "fit": "linear", 
        "value": -0.18138809105272927
    }
}