{
    "Ar36": {
        "error": 0.00022301618395185655, 
        "filter_outliers_dict": {
            "filter_outliers": true, 
            "iterations": 1, 
            "std_devs": 2
        }, 
        "fit": "Parabolic", 
        "value": 0.008024928980702131
    }, 
    "Ar37": {
        "error": 0.005091342410099985, 
        "filter_outliers_dict": {
            "filter_outliers": true, 
            "iterations": 1, 
            "std_devs": 2
        }, 
        "fit": "linear", 
        "value": 4.595472593649255
    }, 
    "Ar38": {
        "error": 0.0024508569310196914, 
        "filter_outliers_dict": {
            "filter_outliers": true, 
            "iterations": 1, 
            "std_devs": 2
        }, 
        "fit": "linear", 
        "value": 0.24133204521586926
    }, 
    "Ar39": {
        "error": 0.009311303576246512, 
        "filter_outliers_dict": {
            "filter_outliers": true, 
            "iterations": 1, 
            "std_devs": 2
        }, 
        "fit": "Parabolic", 
        "value": 8.668901448431196
    }, 
    "Ar40": {
        "error": 0.008627062911267965, 
        "filter_outliers_dict": {
            "filter_outliers": true, 
            "iterations": 1, 
            "std_devs": 2
        }, 
        "fit": "Parabolic", 
        "value": 4.412731248009367
    }, 
    "PM41": {
        "error": 0.06688613811519371, 
        "filter_outliers_dict": {
            "filter_outliers": false, 
            "iterations": 1, 
            "std_devs": 2
        }, 
        "fit": "linear", 
        "value": -0.17490867665305868
    }
}