{
    "Ar36": {
        "error": 0.00018103633849672973, 
        "filter_outliers_dict": {
            "filter_outliers": true, 
            "iterations": 1, 
            "std_devs": 2
        }, 
        "fit": "Parabolic", 
        "value": 0.00532920270292017
    }, 
    "Ar37": {
        "error": 0.005501462998297577, 
        "filter_outliers_dict": {
            "filter_outliers": true, 
            "iterations": 1, 
            "std_devs": 2
        }, 
        "fit": "linear", 
        "value": 0.45585188400895
    }, 
    "Ar38": {
        "error": 0.0021920272662222275, 
        "filter_outliers_dict": {
            "filter_outliers": true, 
            "iterations": 1, 
            "std_devs": 2
        }, 
        "fit": "linear", 
        "value": 0.41194742931223316
    }, 
    "Ar39": {
        "error": 0.011340820968683097, 
        "filter_outliers_dict": {
            "filter_outliers": true, 
            "iterations": 1, 
            "std_devs": 2
        }, 
        "fit": "Parabolic", 
        "value": 33.944477377127406
    }, 
    "Ar40": {
        "error": 0.008808283612121343, 
        "filter_outliers_dict": {
            "filter_outliers": true, 
            "iterations": 1, 
            "std_devs": 2
        }, 
        "fit": "Parabolic", 
        "value": 14.817683731648643
    }, 
    "PM41": {
        "error": 0.06206859500900182, 
        "filter_outliers_dict": {
            "filter_outliers": false, 
            "iterations": 1, 
            "std_devs": 2
        }, 
        "fit": "linear", 
        "value": -0.17053474346391562
    }
}