{
    "Ar36": {
        "error": 0.0010931009186141215, 
        "filter_outliers_dict": {
            "filter_outliers": true, 
            "iterations": 2, 
            "std_devs": 2
        }, 
        "fit": "Parabolic", 
        "value": 0.28113808153058417
    }, 
    "Ar37": {
        "error": 0.010918586178028922, 
        "filter_outliers_dict": {
            "filter_outliers": true, 
            "iterations": 2, 
            "std_devs": 2
        }, 
        "fit": "linear", 
        "value": -0.43507665225122855
    }, 
    "Ar38": {
        "error": 0.01214383334420863, 
        "filter_outliers_dict": {
            "filter_outliers": true, 
            "iterations": 2, 
            "std_devs": 2
        }, 
        "fit": "linear", 
        "value": 3.519504357804435
    }, 
    "Ar39": {
        "error": 0.028952323588513205, 
        "filter_outliers_dict": {
            "filter_outliers": true, 
            "iterations": 2, 
            "std_devs": 2
        }, 
        "fit": "Parabolic", 
        "value": 100.49295118540255
    }, 
    "Ar40": {
        "error": 0.042415837312994364, 
        "filter_outliers_dict": {
            "filter_outliers": true, 
            "iterations": 2, 
            "std_devs": 2
        }, 
        "fit": "Parabolic", 
        "value": 369.2022823497748
    }
}