{
    "Ar36": {
        "error": 0.00045953000916545424, 
        "filter_outliers_dict": {
            "filter_outliers": true, 
            "iterations": 1, 
            "std_devs": 2
        }, 
        "fit": "Linear", 
        "value": 0.010416257814425851
    }, 
    "Ar37": {
        "error": 0.015846907761089112, 
        "filter_outliers_dict": {
            "filter_outliers": true, 
            "iterations": 1, 
            "std_devs": 2
        }, 
        "fit": "linear", 
        "value": 0.07501592038116627
    }, 
    "Ar38": {
        "error": 0.007691291127150982, 
        "filter_outliers_dict": {
            "filter_outliers": true, 
            "iterations": 1, 
            "std_devs": 2
        }, 
        "fit": "linear", 
        "value": -0.018708158559275195
    }, 
    "Ar39": {
        "error": 0.017344929456433737, 
        "filter_outliers_dict": {
            "filter_outliers": true, 
            "iterations": 1, 
            "std_devs": 2
        }, 
        "fit": "Linear", 
        "value": 0.5668145816227907
    }, 
    "Ar40": {
        "error": 0.015374612591489232, 
        "filter_outliers_dict": {
            "filter_outliers": true, 
            "iterations": 1, 
            "std_devs": 2
        }, 
        "fit": "Linear", 
        "value": 6.065940037673225
    }, 
    "Ar41": {
        "error": 0.004931865114322702, 
        "filter_outliers_dict": {
            "filter_outliers": true, 
            "iterations": 1, 
            "std_devs": 2
        }, 
        "fit": "Average", 
        "value": -0.07540621645034226
    }
}