{
    "Ar36": {
        "error": 0.00048142796883012527, 
        "filter_outliers_dict": {
            "filter_outliers": true, 
            "iterations": 1, 
            "std_devs": 2
        }, 
        "fit": "Linear", 
        "value": 0.008466278465172788
    }, 
    "Ar37": {
        "error": 0.011893250504069947, 
        "filter_outliers_dict": {
            "filter_outliers": true, 
            "iterations": 1, 
            "std_devs": 2
        }, 
        "fit": "linear", 
        "value": 0.02118785721076659
    }, 
    "Ar38": {
        "error": 0.007364841424088653, 
        "filter_outliers_dict": {
            "filter_outliers": true, 
            "iterations": 1, 
            "std_devs": 2
        }, 
        "fit": "linear", 
        "value": 0.06517067504347474
    }, 
    "Ar39": {
        "error": 0.01842947971914358, 
        "filter_outliers_dict": {
            "filter_outliers": true, 
            "iterations": 1, 
            "std_devs": 2
        }, 
        "fit": "Linear", 
        "value": 0.786044978803981
    }, 
    "Ar40": {
        "error": 0.03803365952509336, 
        "filter_outliers_dict": {
            "filter_outliers": true, 
            "iterations": 1, 
            "std_devs": 2
        }, 
        "fit": "Linear", 
        "value": 215.34934651075014
    }, 
    "Ar41": {
        "error": 0.005137365047064747, 
        "filter_outliers_dict": {
            "filter_outliers": true, 
            "iterations": 1, 
            "std_devs": 2
        }, 
        "fit": "Average", 
        "value": -0.07949616890281747
    }
}