{
    "Ar36": {
        "error": 0.0005416274738924432, 
        "filter_outliers_dict": {
            "filter_outliers": true, 
            "iterations": 1, 
            "std_devs": 2
        }, 
        "fit": "Linear", 
        "value": 0.013609076969492281
    }, 
    "Ar37": {
        "error": 0.015553919988182688, 
        "filter_outliers_dict": {
            "filter_outliers": true, 
            "iterations": 1, 
            "std_devs": 2
        }, 
        "fit": "linear", 
        "value": 0.06240029979588877
    }, 
    "Ar38": {
        "error": 0.00720793138133858, 
        "filter_outliers_dict": {
            "filter_outliers": true, 
            "iterations": 1, 
            "std_devs": 2
        }, 
        "fit": "linear", 
        "value": 0.013498777646749244
    }, 
    "Ar39": {
        "error": 0.02495735710499059, 
        "filter_outliers_dict": {
            "filter_outliers": true, 
            "iterations": 1, 
            "std_devs": 2
        }, 
        "fit": "Linear", 
        "value": 0.6994174737846091
    }, 
    "Ar40": {
        "error": 0.015537975185973949, 
        "filter_outliers_dict": {
            "filter_outliers": true, 
            "iterations": 1, 
            "std_devs": 2
        }, 
        "fit": "Linear", 
        "value": 27.697273767725658
    }, 
    "Ar41": {
        "error": 0.005438089450806813, 
        "filter_outliers_dict": {
            "filter_outliers": true, 
            "iterations": 1, 
            "std_devs": 2
        }, 
        "fit": "Average", 
        "value": -0.08304500701353645
    }
}