{
    "Ar36": {
        "error": 0.0005099905623962772, 
        "filter_outliers_dict": {
            "filter_outliers": true, 
            "iterations": 1, 
            "std_devs": 2
        }, 
        "fit": "Linear", 
        "value": 0.011914606093048258
    }, 
    "Ar37": {
        "error": 0.020437664392927945, 
        "filter_outliers_dict": {
            "filter_outliers": true, 
            "iterations": 1, 
            "std_devs": 2
        }, 
        "fit": "linear", 
        "value": 0.05511621660803655
    }, 
    "Ar38": {
        "error": 0.00976018284794022, 
        "filter_outliers_dict": {
            "filter_outliers": true, 
            "iterations": 1, 
            "std_devs": 2
        }, 
        "fit": "linear", 
        "value": -0.0032309746635330403
    }, 
    "Ar39": {
        "error": 0.01958379516611973, 
        "filter_outliers_dict": {
            "filter_outliers": true, 
            "iterations": 1, 
            "std_devs": 2
        }, 
        "fit": "Linear", 
        "value": 0.8145877208234474
    }, 
    "Ar40": {
        "error": 0.02345975998024451, 
        "filter_outliers_dict": {
            "filter_outliers": true, 
            "iterations": 1, 
            "std_devs": 2
        }, 
        "fit": "Linear", 
        "value": 63.277141677949764
    }, 
    "Ar41": {
        "error": 0.005206000410802465, 
        "filter_outliers_dict": {
            "filter_outliers": true, 
            "iterations": 1, 
            "std_devs": 2
        }, 
        "fit": "Average", 
        "value": -0.07526222077360127
    }
}