{
    "Ar36": {
        "error": 0.0009365373341024766, 
        "filter_outliers_dict": {
            "filter_outliers": true, 
            "iterations": 1, 
            "std_devs": 2
        }, 
        "fit": "Linear", 
        "value": 0.036005547941524184
    }, 
    "Ar37": {
        "error": 0.01756217326635533, 
        "filter_outliers_dict": {
            "filter_outliers": true, 
            "iterations": 1, 
            "std_devs": 2
        }, 
        "fit": "linear", 
        "value": 0.05732470540447283
    }, 
    "Ar38": {
        "error": 0.010092559433969367, 
        "filter_outliers_dict": {
            "filter_outliers": true, 
            "iterations": 1, 
            "std_devs": 2
        }, 
        "fit": "linear", 
        "value": 0.04457508716872491
    }, 
    "Ar39": {
        "error": 0.021214718385933983, 
        "filter_outliers_dict": {
            "filter_outliers": true, 
            "iterations": 1, 
            "std_devs": 2
        }, 
        "fit": "Linear", 
        "value": 1.437733125846662
    }, 
    "Ar40": {
        "error": 0.07612010975461773, 
        "filter_outliers_dict": {
            "filter_outliers": true, 
            "iterations": 1, 
            "std_devs": 2
        }, 
        "fit": "Linear", 
        "value": 918.6884466677104
    }, 
    "Ar41": {
        "error": 0.005943790583104486, 
        "filter_outliers_dict": {
            "filter_outliers": true, 
            "iterations": 1, 
            "std_devs": 2
        }, 
        "fit": "Average", 
        "value": -0.028733247865519836
    }
}