{
    "Ar36": {
        "error": 0.0006002862132601293, 
        "filter_outliers_dict": {
            "filter_outliers": true, 
            "iterations": 1, 
            "std_devs": 2
        }, 
        "fit": "Linear", 
        "value": 0.0156218046776983
    }, 
    "Ar37": {
        "error": 0.01749455823639109, 
        "filter_outliers_dict": {
            "filter_outliers": true, 
            "iterations": 1, 
            "std_devs": 2
        }, 
        "fit": "linear", 
        "value": 0.04062442822891022
    }, 
    "Ar38": {
        "error": 0.010282961742464429, 
        "filter_outliers_dict": {
            "filter_outliers": true, 
            "iterations": 1, 
            "std_devs": 2
        }, 
        "fit": "linear", 
        "value": -0.01069190888878331
    }, 
    "Ar39": {
        "error": 0.023476227196208194, 
        "filter_outliers_dict": {
            "filter_outliers": true, 
            "iterations": 1, 
            "std_devs": 2
        }, 
        "fit": "Linear", 
        "value": 0.4923909236946377
    }, 
    "Ar40": {
        "error": 0.05755323236232803, 
        "filter_outliers_dict": {
            "filter_outliers": true, 
            "iterations": 1, 
            "std_devs": 2
        }, 
        "fit": "Linear", 
        "value": 376.0482657922978
    }, 
    "Ar41": {
        "error": 0.005239345879842027, 
        "filter_outliers_dict": {
            "filter_outliers": true, 
            "iterations": 1, 
            "std_devs": 2
        }, 
        "fit": "Average", 
        "value": -0.06094172995457706
    }
}