{
    "Ar36": {
        "error": 0.0004353613284085638, 
        "filter_outliers_dict": {
            "filter_outliers": true, 
            "iterations": 1, 
            "std_devs": 2
        }, 
        "fit": "Linear", 
        "value": 0.009388747263667884
    }, 
    "Ar37": {
        "error": 0.017037681093014324, 
        "filter_outliers_dict": {
            "filter_outliers": true, 
            "iterations": 1, 
            "std_devs": 2
        }, 
        "fit": "linear", 
        "value": 0.05686935842422486
    }, 
    "Ar38": {
        "error": 0.01031070673688607, 
        "filter_outliers_dict": {
            "filter_outliers": true, 
            "iterations": 1, 
            "std_devs": 2
        }, 
        "fit": "linear", 
        "value": -0.010382329715100924
    }, 
    "Ar39": {
        "error": 0.023244529289083313, 
        "filter_outliers_dict": {
            "filter_outliers": true, 
            "iterations": 1, 
            "std_devs": 2
        }, 
        "fit": "Linear", 
        "value": 0.008218971934452967
    }, 
    "Ar40": {
        "error": 0.027832123168144755, 
        "filter_outliers_dict": {
            "filter_outliers": true, 
            "iterations": 1, 
            "std_devs": 2
        }, 
        "fit": "Linear", 
        "value": 130.7317362019735
    }, 
    "Ar41": {
        "error": 0.005115960811134296, 
        "filter_outliers_dict": {
            "filter_outliers": true, 
            "iterations": 1, 
            "std_devs": 2
        }, 
        "fit": "Average", 
        "value": -0.0775745308320677
    }
}