{
    "Ar36": {
        "error": 0.00023506518239200085, 
        "filter_outliers_dict": {
            "filter_outliers": true, 
            "iterations": 1, 
            "std_devs": 2
        }, 
        "fit": "Linear", 
        "value": 0.00975173441966637
    }, 
    "Ar37": {
        "error": 0.010027601560778312, 
        "filter_outliers_dict": {
            "filter_outliers": true, 
            "iterations": 1, 
            "std_devs": 2
        }, 
        "fit": "linear", 
        "value": 0.025334135305460127
    }, 
    "Ar38": {
        "error": 0.004504482819747726, 
        "filter_outliers_dict": {
            "filter_outliers": true, 
            "iterations": 1, 
            "std_devs": 2
        }, 
        "fit": "linear", 
        "value": 0.0472684710304957
    }, 
    "Ar39": {
        "error": 0.01166404471573537, 
        "filter_outliers_dict": {
            "filter_outliers": true, 
            "iterations": 1, 
            "std_devs": 2
        }, 
        "fit": "Linear", 
        "value": 5.140408096487841
    }, 
    "Ar40": {
        "error": 0.05530865045720669, 
        "filter_outliers_dict": {
            "filter_outliers": true, 
            "iterations": 1, 
            "std_devs": 2
        }, 
        "fit": "Linear", 
        "value": 768.3175607056623
    }, 
    "Ar41": {
        "error": 0.003179409727006983, 
        "filter_outliers_dict": {
            "filter_outliers": true, 
            "iterations": 1, 
            "std_devs": 2
        }, 
        "fit": "Average", 
        "value": -0.04781778740241054
    }
}