{
    "Ar36": {
        "error": 0.0008188063499980032, 
        "filter_outliers_dict": {
            "filter_outliers": true, 
            "iterations": 1, 
            "std_devs": 2
        }, 
        "fit": "Linear", 
        "value": 0.03684109201570705
    }, 
    "Ar37": {
        "error": 0.016378308015854715, 
        "filter_outliers_dict": {
            "filter_outliers": true, 
            "iterations": 1, 
            "std_devs": 2
        }, 
        "fit": "linear", 
        "value": 0.05472014281963254
    }, 
    "Ar38": {
        "error": 0.007120522905402363, 
        "filter_outliers_dict": {
            "filter_outliers": true, 
            "iterations": 1, 
            "std_devs": 2
        }, 
        "fit": "linear", 
        "value": 0.02777600336856
    }, 
    "Ar39": {
        "error": 0.02330030254669472, 
        "filter_outliers_dict": {
            "filter_outliers": true, 
            "iterations": 1, 
            "std_devs": 2
        }, 
        "fit": "Linear", 
        "value": 0.7848822812543167
    }, 
    "Ar40": {
        "error": 0.06600191485315281, 
        "filter_outliers_dict": {
            "filter_outliers": true, 
            "iterations": 1, 
            "std_devs": 2
        }, 
        "fit": "Linear", 
        "value": 769.1884183040532
    }, 
    "Ar41": {
        "error": 0.00498380497554172, 
        "filter_outliers_dict": {
            "filter_outliers": true, 
            "iterations": 1, 
            "std_devs": 2
        }, 
        "fit": "Average", 
        "value": -0.0451156720303333
    }
}