{
    "Ar36": {
        "error": 0.0005302533482716413, 
        "filter_outliers_dict": {
            "filter_outliers": true, 
            "iterations": 2, 
            "std_devs": 2
        }, 
        "fit": "Parabolic", 
        "value": 0.06127368247374621
    }, 
    "Ar37": {
        "error": 0.012531808132812633, 
        "filter_outliers_dict": {
            "filter_outliers": true, 
            "iterations": 2, 
            "std_devs": 2
        }, 
        "fit": "linear", 
        "value": 21.020433443597614
    }, 
    "Ar38": {
        "error": 0.012695171383944366, 
        "filter_outliers_dict": {
            "filter_outliers": true, 
            "iterations": 2, 
            "std_devs": 2
        }, 
        "fit": "linear", 
        "value": 0.27675092421351727
    }, 
    "Ar39": {
        "error": 0.021077088042381266, 
        "filter_outliers_dict": {
            "filter_outliers": true, 
            "iterations": 2, 
            "std_devs": 2
        }, 
        "fit": "Parabolic", 
        "value": 21.963507274749908
    }, 
    "Ar40": {
        "error": 0.01993090022609952, 
        "filter_outliers_dict": {
            "filter_outliers": true, 
            "iterations": 2, 
            "std_devs": 2
        }, 
        "fit": "Parabolic", 
        "value": 49.071371709186955
    }
}