{
    "Ar36": {
        "error": 0.00034707991663371216, 
        "filter_outliers_dict": {
            "filter_outliers": true, 
            "iterations": 2, 
            "std_devs": 2
        }, 
        "fit": "Parabolic", 
        "value": 0.026988943722088963
    }, 
    "Ar37": {
        "error": 0.0118772793280226, 
        "filter_outliers_dict": {
            "filter_outliers": true, 
            "iterations": 2, 
            "std_devs": 2
        }, 
        "fit": "linear", 
        "value": 8.18598379357977
    }, 
    "Ar38": {
        "error": 0.013003375142274636, 
        "filter_outliers_dict": {
            "filter_outliers": true, 
            "iterations": 2, 
            "std_devs": 2
        }, 
        "fit": "linear", 
        "value": 0.010808534500322627
    }, 
    "Ar39": {
        "error": 0.024313114460608735, 
        "filter_outliers_dict": {
            "filter_outliers": true, 
            "iterations": 2, 
            "std_devs": 2
        }, 
        "fit": "Parabolic", 
        "value": 7.260892088641516
    }, 
    "Ar40": {
        "error": 0.020682504092012426, 
        "filter_outliers_dict": {
            "filter_outliers": true, 
            "iterations": 2, 
            "std_devs": 2
        }, 
        "fit": "Parabolic", 
        "value": 16.91277878689069
    }
}