{
    "Ar36": {
        "error": 0.0019069440862403894, 
        "filter_outliers_dict": {
            "filter_outliers": true, 
            "iterations": 1, 
            "std_devs": 2
        }, 
        "fit": "Parabolic", 
        "value": 0.650060418008408
    }, 
    "Ar37": {
        "error": 0.0057906060490326644, 
        "filter_outliers_dict": {
            "filter_outliers": true, 
            "iterations": 1, 
            "std_devs": 2
        }, 
        "fit": "linear", 
        "value": 0.20244177324371926
    }, 
    "Ar38": {
        "error": 0.01151764046796157, 
        "filter_outliers_dict": {
            "filter_outliers": true, 
            "iterations": 1, 
            "std_devs": 2
        }, 
        "fit": "linear", 
        "value": 31.018642293599946
    }, 
    "Ar39": {
        "error": 0.09190519502123919, 
        "filter_outliers_dict": {
            "filter_outliers": true, 
            "iterations": 1, 
            "std_devs": 2
        }, 
        "fit": "Parabolic", 
        "value": 2428.839015357912
    }, 
    "Ar40": {
        "error": 0.025213249305455664, 
        "filter_outliers_dict": {
            "filter_outliers": true, 
            "iterations": 1, 
            "std_devs": 2
        }, 
        "fit": "Parabolic", 
        "value": 207.80150442839522
    }, 
    "PM41": {
        "error": 0.06627084057134335, 
        "filter_outliers_dict": {
            "filter_outliers": false, 
            "iterations": 1, 
            "std_devs": 2
        }, 
        "fit": "linear", 
        "value": -0.15747861473368938
    }
}