{
    "Ar36": {
        "error": 0.0015658752426895306, 
        "filter_outliers_dict": {
            "filter_outliers": true, 
            "iterations": 2, 
            "std_devs": 2
        }, 
        "fit": "Parabolic", 
        "value": 0.6332585502911499
    }, 
    "Ar37": {
        "error": 0.02317517182185932, 
        "filter_outliers_dict": {
            "filter_outliers": true, 
            "iterations": 2, 
            "std_devs": 2
        }, 
        "fit": "linear", 
        "value": 311.4419696090837
    }, 
    "Ar38": {
        "error": 0.013010170387588877, 
        "filter_outliers_dict": {
            "filter_outliers": true, 
            "iterations": 2, 
            "std_devs": 2
        }, 
        "fit": "linear", 
        "value": -0.012929931806079679
    }, 
    "Ar39": {
        "error": 0.023506839941524842, 
        "filter_outliers_dict": {
            "filter_outliers": true, 
            "iterations": 2, 
            "std_devs": 2
        }, 
        "fit": "Parabolic", 
        "value": 1.626875776396015
    }, 
    "Ar40": {
        "error": 0.018886057719612007, 
        "filter_outliers_dict": {
            "filter_outliers": true, 
            "iterations": 2, 
            "std_devs": 2
        }, 
        "fit": "Parabolic", 
        "value": 11.842313525209768
    }
}