{
    "Ar36": {
        "error": 0.00023002950057858523, 
        "filter_outliers_dict": {
            "filter_outliers": true, 
            "iterations": 1, 
            "std_devs": 2
        }, 
        "fit": "Parabolic", 
        "value": 0.009258117635877049
    }, 
    "Ar37": {
        "error": 0.004516458069873798, 
        "filter_outliers_dict": {
            "filter_outliers": true, 
            "iterations": 1, 
            "std_devs": 2
        }, 
        "fit": "linear", 
        "value": 0.07163423857677671
    }, 
    "Ar38": {
        "error": 0.0020283875140496913, 
        "filter_outliers_dict": {
            "filter_outliers": true, 
            "iterations": 1, 
            "std_devs": 2
        }, 
        "fit": "linear", 
        "value": 0.033582330699413944
    }, 
    "Ar39": {
        "error": 0.00950250316795416, 
        "filter_outliers_dict": {
            "filter_outliers": true, 
            "iterations": 1, 
            "std_devs": 2
        }, 
        "fit": "Parabolic", 
        "value": 4.945962769820241
    }, 
    "Ar40": {
        "error": 0.04153901856062763, 
        "filter_outliers_dict": {
            "filter_outliers": true, 
            "iterations": 1, 
            "std_devs": 2
        }, 
        "fit": "Parabolic", 
        "value": 937.0628588584059
    }, 
    "Ar41": {
        "error": 0.003363567021961267, 
        "filter_outliers_dict": {
            "filter_outliers": true, 
            "iterations": 1, 
            "std_devs": 2
        }, 
        "fit": "linear", 
        "value": -0.03907814089400675
    }
}