{
    "Ar36": {
        "error": 0.00011962050401175679, 
        "fit": "Parabolic", 
        "value": 0.0005257319653711886
    }, 
    "Ar37": {
        "error": 0.0024011522075004965, 
        "fit": "linear", 
        "value": 0.017274393035123854
    }, 
    "Ar38": {
        "error": 0.005505414302258327, 
        "fit": "linear", 
        "value": 0.13588707802926794
    }, 
    "Ar39": {
        "error": 0.009867778764027696, 
        "fit": "Parabolic", 
        "value": 0.06025753760670913
    }, 
    "Ar40": {
        "error": 0.007849458863319975, 
        "fit": "Parabolic", 
        "value": -0.05385243766625422
    }, 
    "Ar41": {
        "error": 0.006271147165596065, 
        "fit": "linear", 
        "value": 0.06780338966276606
    }
}