{
    "Ar36": {
        "error": 0.00013847969243709914, 
        "fit": "Parabolic", 
        "value": 0.0010763312460758635
    }, 
    "Ar37": {
        "error": 0.002579863795735913, 
        "fit": "linear", 
        "value": 0.0024067736444334485
    }, 
    "Ar38": {
        "error": 0.006253389679550581, 
        "fit": "linear", 
        "value": 0.1422617466432381
    }, 
    "Ar39": {
        "error": 0.011701043290630778, 
        "fit": "Parabolic", 
        "value": 0.07337704426661493
    }, 
    "Ar40": {
        "error": 0.009373491065658634, 
        "fit": "Parabolic", 
        "value": 0.10626834777367593
    }, 
    "Ar41": {
        "error": 0.0068095822819689315, 
        "fit": "linear", 
        "value": 0.08626587361416332
    }
}