{
    "Ar36": {
        "error": 0.0004769551222393353, 
        "fit": "Parabolic", 
        "value": 0.0013674300186931588
    }, 
    "Ar37": {
        "error": 0.010738043750815994, 
        "fit": "linear", 
        "value": 0.04357398823852915
    }, 
    "Ar38": {
        "error": 0.021608313002723548, 
        "fit": "linear", 
        "value": 0.12165487868861569
    }, 
    "Ar39": {
        "error": 0.08113113948165175, 
        "fit": "Parabolic", 
        "value": 0.07181673451537614
    }, 
    "Ar40": {
        "error": 0.06803286882836115, 
        "fit": "Parabolic", 
        "value": -0.0744527801449727
    }, 
    "Ar41": {
        "error": 0.029459977697247536, 
        "fit": "linear", 
        "value": 0.026761166067431768
    }
}