{
    "Ar36": {
        "error": 0.0003796486486681866, 
        "filter_outliers_dict": {
            "filter_outliers": true, 
            "iterations": 1, 
            "std_devs": 2
        }, 
        "fit": "Linear", 
        "value": 0.01786920438876156
    }, 
    "Ar37": {
        "error": 0.011471755523570753, 
        "filter_outliers_dict": {
            "filter_outliers": true, 
            "iterations": 1, 
            "std_devs": 2
        }, 
        "fit": "linear", 
        "value": 0.13332718257953316
    }, 
    "Ar38": {
        "error": 0.007965578273627736, 
        "filter_outliers_dict": {
            "filter_outliers": true, 
            "iterations": 1, 
            "std_devs": 2
        }, 
        "fit": "linear", 
        "value": 9.184046193691312
    }, 
    "Ar39": {
        "error": 0.048226474329026554, 
        "filter_outliers_dict": {
            "filter_outliers": true, 
            "iterations": 1, 
            "std_devs": 2
        }, 
        "fit": "Linear", 
        "value": 679.627601621469
    }, 
    "Ar40": {
        "error": 0.11914478726392348, 
        "filter_outliers_dict": {
            "filter_outliers": true, 
            "iterations": 1, 
            "std_devs": 2
        }, 
        "fit": "Linear", 
        "value": 2780.831994730782
    }, 
    "Ar41": {
        "error": 0.00353137748126972, 
        "filter_outliers_dict": {
            "filter_outliers": true, 
            "iterations": 1, 
            "std_devs": 2
        }, 
        "fit": "Average", 
        "value": 0.037204416964752705
    }
}