{
    "Ar36": {
        "error": 0.00030640901237114805, 
        "filter_outliers_dict": {
            "filter_outliers": true, 
            "iterations": 1, 
            "std_devs": 2
        }, 
        "fit": "Linear", 
        "value": 0.012853111725150797
    }, 
    "Ar37": {
        "error": 0.01088569713333033, 
        "filter_outliers_dict": {
            "filter_outliers": true, 
            "iterations": 1, 
            "std_devs": 2
        }, 
        "fit": "linear", 
        "value": 0.09139362367775278
    }, 
    "Ar38": {
        "error": 0.006953113699135948, 
        "filter_outliers_dict": {
            "filter_outliers": true, 
            "iterations": 1, 
            "std_devs": 2
        }, 
        "fit": "linear", 
        "value": 7.017463517538448
    }, 
    "Ar39": {
        "error": 0.04099366453003326, 
        "filter_outliers_dict": {
            "filter_outliers": true, 
            "iterations": 1, 
            "std_devs": 2
        }, 
        "fit": "Linear", 
        "value": 515.4244065293892
    }, 
    "Ar40": {
        "error": 0.0822435679450842, 
        "filter_outliers_dict": {
            "filter_outliers": true, 
            "iterations": 1, 
            "std_devs": 2
        }, 
        "fit": "Linear", 
        "value": 2109.9468967010444
    }, 
    "Ar41": {
        "error": 0.0033202472567519566, 
        "filter_outliers_dict": {
            "filter_outliers": true, 
            "iterations": 1, 
            "std_devs": 2
        }, 
        "fit": "Average", 
        "value": 0.008231229648220829
    }
}