{
    "Ar36": {
        "error": 0.0003544331961432653, 
        "filter_outliers_dict": {
            "filter_outliers": true, 
            "iterations": 1, 
            "std_devs": 2
        }, 
        "fit": "Parabolic", 
        "value": 0.0250467681917216
    }, 
    "Ar37": {
        "error": 0.005510773271379508, 
        "filter_outliers_dict": {
            "filter_outliers": true, 
            "iterations": 1, 
            "std_devs": 2
        }, 
        "fit": "linear", 
        "value": 0.8708382165907647
    }, 
    "Ar38": {
        "error": 0.002635975997561878, 
        "filter_outliers_dict": {
            "filter_outliers": true, 
            "iterations": 1, 
            "std_devs": 2
        }, 
        "fit": "linear", 
        "value": 2.850998033184568
    }, 
    "Ar39": {
        "error": 0.023147522267495342, 
        "filter_outliers_dict": {
            "filter_outliers": true, 
            "iterations": 1, 
            "std_devs": 2
        }, 
        "fit": "Parabolic", 
        "value": 225.40876538499649
    }, 
    "Ar40": {
        "error": 0.058009668031976706, 
        "filter_outliers_dict": {
            "filter_outliers": true, 
            "iterations": 1, 
            "std_devs": 2
        }, 
        "fit": "Parabolic", 
        "value": 1872.4590650207056
    }, 
    "Ar41": {
        "error": 0.0037696108175467543, 
        "filter_outliers_dict": {
            "filter_outliers": true, 
            "iterations": 1, 
            "std_devs": 2
        }, 
        "fit": "linear", 
        "value": -0.002302469793743458
    }
}