{
    "Ar36": {
        "error": 0.00027151533899346666, 
        "filter_outliers_dict": {
            "filter_outliers": true, 
            "iterations": 1, 
            "std_devs": 2
        }, 
        "fit": "Parabolic", 
        "value": 0.011952571466021583
    }, 
    "Ar37": {
        "error": 0.0053164498883650595, 
        "filter_outliers_dict": {
            "filter_outliers": true, 
            "iterations": 1, 
            "std_devs": 2
        }, 
        "fit": "linear", 
        "value": 0.8486233495028457
    }, 
    "Ar38": {
        "error": 0.002966056761462154, 
        "filter_outliers_dict": {
            "filter_outliers": true, 
            "iterations": 1, 
            "std_devs": 2
        }, 
        "fit": "linear", 
        "value": 3.27710772994008
    }, 
    "Ar39": {
        "error": 0.02288149802522864, 
        "filter_outliers_dict": {
            "filter_outliers": true, 
            "iterations": 1, 
            "std_devs": 2
        }, 
        "fit": "Parabolic", 
        "value": 259.0686134515731
    }, 
    "Ar40": {
        "error": 0.07237565053288118, 
        "filter_outliers_dict": {
            "filter_outliers": true, 
            "iterations": 1, 
            "std_devs": 2
        }, 
        "fit": "Parabolic", 
        "value": 2144.9067693141264
    }, 
    "Ar41": {
        "error": 0.004270729342459887, 
        "filter_outliers_dict": {
            "filter_outliers": true, 
            "iterations": 1, 
            "std_devs": 2
        }, 
        "fit": "linear", 
        "value": -0.005519855537795713
    }
}