{
    "Ar36": {
        "error": 0.00034521564495422664, 
        "filter_outliers_dict": {
            "filter_outliers": true, 
            "iterations": 1, 
            "std_devs": 2
        }, 
        "fit": "Linear", 
        "value": 0.014588224693021231
    }, 
    "Ar37": {
        "error": 0.009180020455017092, 
        "filter_outliers_dict": {
            "filter_outliers": true, 
            "iterations": 1, 
            "std_devs": 2
        }, 
        "fit": "linear", 
        "value": 1.1667021076046642
    }, 
    "Ar38": {
        "error": 0.005020437603867015, 
        "filter_outliers_dict": {
            "filter_outliers": true, 
            "iterations": 1, 
            "std_devs": 2
        }, 
        "fit": "linear", 
        "value": 3.104984448816061
    }, 
    "Ar39": {
        "error": 0.028735549643445994, 
        "filter_outliers_dict": {
            "filter_outliers": true, 
            "iterations": 1, 
            "std_devs": 2
        }, 
        "fit": "Linear", 
        "value": 241.8894821825624
    }, 
    "Ar40": {
        "error": 0.09034173435109037, 
        "filter_outliers_dict": {
            "filter_outliers": true, 
            "iterations": 1, 
            "std_devs": 2
        }, 
        "fit": "Linear", 
        "value": 2001.0957856604566
    }, 
    "Ar41": {
        "error": 0.003248697109710208, 
        "filter_outliers_dict": {
            "filter_outliers": true, 
            "iterations": 1, 
            "std_devs": 2
        }, 
        "fit": "Average", 
        "value": 0.01206808186051097
    }
}