{
    "Ar36": {
        "error": 0.00016319786740491777, 
        "filter_outliers_dict": {
            "filter_outliers": true, 
            "iterations": 1, 
            "std_devs": 2
        }, 
        "fit": "Linear", 
        "value": 0.0046230951596828275
    }, 
    "Ar37": {
        "error": 0.009567765214897057, 
        "filter_outliers_dict": {
            "filter_outliers": true, 
            "iterations": 1, 
            "std_devs": 2
        }, 
        "fit": "linear", 
        "value": 1.022443194583555
    }, 
    "Ar38": {
        "error": 0.0042367705945450815, 
        "filter_outliers_dict": {
            "filter_outliers": true, 
            "iterations": 1, 
            "std_devs": 2
        }, 
        "fit": "linear", 
        "value": 0.0242350615353383
    }, 
    "Ar39": {
        "error": 0.011710919516586295, 
        "filter_outliers_dict": {
            "filter_outliers": true, 
            "iterations": 1, 
            "std_devs": 2
        }, 
        "fit": "Linear", 
        "value": 0.7962861340863833
    }, 
    "Ar40": {
        "error": 0.008665300730876142, 
        "filter_outliers_dict": {
            "filter_outliers": true, 
            "iterations": 1, 
            "std_devs": 2
        }, 
        "fit": "Linear", 
        "value": 2.6138422002807635
    }, 
    "Ar41": {
        "error": 0.004806309871943089, 
        "filter_outliers_dict": {
            "filter_outliers": true, 
            "iterations": 1, 
            "std_devs": 2
        }, 
        "fit": "Average", 
        "value": 0.06517923302286653
    }
}