{
    "Ar36": {
        "error": 0.0001785848567830497, 
        "filter_outliers_dict": {
            "filter_outliers": true, 
            "iterations": 1, 
            "std_devs": 2
        }, 
        "fit": "Linear", 
        "value": 0.0050650282614642175
    }, 
    "Ar37": {
        "error": 0.009495581816629442, 
        "filter_outliers_dict": {
            "filter_outliers": true, 
            "iterations": 1, 
            "std_devs": 2
        }, 
        "fit": "linear", 
        "value": 0.5138117008130528
    }, 
    "Ar38": {
        "error": 0.005309444147035564, 
        "filter_outliers_dict": {
            "filter_outliers": true, 
            "iterations": 1, 
            "std_devs": 2
        }, 
        "fit": "linear", 
        "value": 1.481428423689807
    }, 
    "Ar39": {
        "error": 0.01990067454610266, 
        "filter_outliers_dict": {
            "filter_outliers": true, 
            "iterations": 1, 
            "std_devs": 2
        }, 
        "fit": "Linear", 
        "value": 113.01514008644477
    }, 
    "Ar40": {
        "error": 0.04996488946549095, 
        "filter_outliers_dict": {
            "filter_outliers": true, 
            "iterations": 1, 
            "std_devs": 2
        }, 
        "fit": "Linear", 
        "value": 560.6400765461711
    }, 
    "Ar41": {
        "error": 0.004361502726801722, 
        "filter_outliers_dict": {
            "filter_outliers": true, 
            "iterations": 1, 
            "std_devs": 2
        }, 
        "fit": "Average", 
        "value": 0.10543496627817688
    }
}