{
    "Ar36": {
        "error": 0.00039593864433912283, 
        "filter_outliers_dict": {
            "filter_outliers": true, 
            "iterations": 1, 
            "std_devs": 2
        }, 
        "fit": "Linear", 
        "value": 0.03133280720382676
    }, 
    "Ar37": {
        "error": 0.009081892119566205, 
        "filter_outliers_dict": {
            "filter_outliers": true, 
            "iterations": 1, 
            "std_devs": 2
        }, 
        "fit": "linear", 
        "value": 0.883852809469906
    }, 
    "Ar38": {
        "error": 0.0050139680264552075, 
        "filter_outliers_dict": {
            "filter_outliers": true, 
            "iterations": 1, 
            "std_devs": 2
        }, 
        "fit": "linear", 
        "value": 0.3536060873556567
    }, 
    "Ar39": {
        "error": 0.010505933198217084, 
        "filter_outliers_dict": {
            "filter_outliers": true, 
            "iterations": 1, 
            "std_devs": 2
        }, 
        "fit": "Linear", 
        "value": 1.4777802267909994
    }, 
    "Ar40": {
        "error": 0.009644663169434365, 
        "filter_outliers_dict": {
            "filter_outliers": true, 
            "iterations": 1, 
            "std_devs": 2
        }, 
        "fit": "Linear", 
        "value": 13.903071030958287
    }, 
    "Ar41": {
        "error": 0.004844644751809847, 
        "filter_outliers_dict": {
            "filter_outliers": true, 
            "iterations": 1, 
            "std_devs": 2
        }, 
        "fit": "Average", 
        "value": 0.07640898922055851
    }
}