{
    "Ar36": {
        "error": 0.00015446622819649764, 
        "filter_outliers_dict": {
            "filter_outliers": true, 
            "iterations": 1, 
            "std_devs": 2
        }, 
        "fit": "Linear", 
        "value": 0.004775828899416959
    }, 
    "Ar37": {
        "error": 0.010772890119531836, 
        "filter_outliers_dict": {
            "filter_outliers": true, 
            "iterations": 1, 
            "std_devs": 2
        }, 
        "fit": "linear", 
        "value": 0.150872702175403
    }, 
    "Ar38": {
        "error": 0.004087864081549658, 
        "filter_outliers_dict": {
            "filter_outliers": true, 
            "iterations": 1, 
            "std_devs": 2
        }, 
        "fit": "linear", 
        "value": -0.005277988359778024
    }, 
    "Ar39": {
        "error": 0.011051223063424655, 
        "filter_outliers_dict": {
            "filter_outliers": true, 
            "iterations": 1, 
            "std_devs": 2
        }, 
        "fit": "Linear", 
        "value": 0.030641918054045845
    }, 
    "Ar40": {
        "error": 0.00822270635212531, 
        "filter_outliers_dict": {
            "filter_outliers": true, 
            "iterations": 1, 
            "std_devs": 2
        }, 
        "fit": "Linear", 
        "value": 1.2726826853944697
    }, 
    "Ar41": {
        "error": 0.004105405291851072, 
        "filter_outliers_dict": {
            "filter_outliers": true, 
            "iterations": 1, 
            "std_devs": 2
        }, 
        "fit": "Average", 
        "value": 0.08150820457105729
    }
}