{
    "Ar36": {
        "error": 0.00013871976647586507, 
        "filter_outliers_dict": {
            "filter_outliers": true, 
            "iterations": 1, 
            "std_devs": 2
        }, 
        "fit": "Linear", 
        "value": 0.0025512895440568963
    }, 
    "Ar37": {
        "error": 0.011035985194685625, 
        "filter_outliers_dict": {
            "filter_outliers": true, 
            "iterations": 1, 
            "std_devs": 2
        }, 
        "fit": "linear", 
        "value": 0.16967287802448683
    }, 
    "Ar38": {
        "error": 0.0033799305490533607, 
        "filter_outliers_dict": {
            "filter_outliers": true, 
            "iterations": 1, 
            "std_devs": 2
        }, 
        "fit": "linear", 
        "value": 0.16983261477051273
    }, 
    "Ar39": {
        "error": 0.012102375123590416, 
        "filter_outliers_dict": {
            "filter_outliers": true, 
            "iterations": 1, 
            "std_devs": 2
        }, 
        "fit": "Linear", 
        "value": 13.441986215072825
    }, 
    "Ar40": {
        "error": 0.01599043269320808, 
        "filter_outliers_dict": {
            "filter_outliers": true, 
            "iterations": 1, 
            "std_devs": 2
        }, 
        "fit": "Linear", 
        "value": 66.55130796654518
    }, 
    "Ar41": {
        "error": 0.004827501804641319, 
        "filter_outliers_dict": {
            "filter_outliers": true, 
            "iterations": 1, 
            "std_devs": 2
        }, 
        "fit": "Average", 
        "value": 0.0872345137098982
    }
}