{
    "AX": {
        "error": 0.012118331621399567, 
        "fit": "average", 
        "value": -0.12742393404363664
    }, 
    "H1": {
        "error": 0.01182282782520479, 
        "fit": "average", 
        "value": -0.14899783452443077
    }, 
    "H2": {
        "error": 0.00970268436640512, 
        "fit": "average", 
        "value": -0.2819299098267935
    }, 
    "L1": {
        "error": 0.01052536963473585, 
        "fit": "average", 
        "value": -0.11619727836728876
    }, 
    "L2(CDD)": {
        "error": 7.82652325712742e-06, 
        "fit": "average", 
        "value": 4.074545621054823e-05
    }
}