{
    "AX": {
        "error": 0.012747802184736607, 
        "fit": "average", 
        "value": -0.10419791019522467
    }, 
    "H1": {
        "error": 0.012419617001629791, 
        "fit": "average", 
        "value": -0.11798400005694161
    }, 
    "H2": {
        "error": 0.010721782612581889, 
        "fit": "average", 
        "value": -0.1523254281633771
    }, 
    "L1": {
        "error": 0.011001656187205127, 
        "fit": "average", 
        "value": -0.0686340170277189
    }, 
    "L2(CDD)": {
        "error": 6.1221084499053154e-06, 
        "fit": "average", 
        "value": 3.4378978439341845e-05
    }
}