{
    "AX": {
        "error": 0.024713392143276024, 
        "fit": "average", 
        "value": -0.05842926956922244
    }, 
    "H1": {
        "error": 0.01212139395073135, 
        "fit": "average", 
        "value": 0.030550179158986314
    }, 
    "H2": {
        "error": 0.01139011616260114, 
        "fit": "average", 
        "value": -0.15044876443138183
    }, 
    "L1": {
        "error": 0.010666018490899938, 
        "fit": "average", 
        "value": -0.05227639758333377
    }, 
    "L2(CDD)": {
        "error": 7.798621086023463e-06, 
        "fit": "average", 
        "value": 4.583863814579356e-05
    }
}