{
    "Ar36": {
        "error": 0.0006751339842729294, 
        "filter_outliers_dict": {
            "filter_outliers": true, 
            "iterations": 2, 
            "std_devs": 2
        }, 
        "fit": "Parabolic", 
        "value": 0.08472196663218831
    }, 
    "Ar37": {
        "error": 0.011838339519544291, 
        "filter_outliers_dict": {
            "filter_outliers": true, 
            "iterations": 2, 
            "std_devs": 2
        }, 
        "fit": "linear", 
        "value": -0.5331386703117333
    }, 
    "Ar38": {
        "error": 0.012419527452965389, 
        "filter_outliers_dict": {
            "filter_outliers": true, 
            "iterations": 2, 
            "std_devs": 2
        }, 
        "fit": "linear", 
        "value": 3.7589137916309863
    }, 
    "Ar39": {
        "error": 0.03259925575802435, 
        "filter_outliers_dict": {
            "filter_outliers": true, 
            "iterations": 2, 
            "std_devs": 2
        }, 
        "fit": "Parabolic", 
        "value": 173.88449867075866
    }, 
    "Ar40": {
        "error": 0.05170762441851066, 
        "filter_outliers_dict": {
            "filter_outliers": true, 
            "iterations": 2, 
            "std_devs": 2
        }, 
        "fit": "Parabolic", 
        "value": 484.51065001170684
    }
}