{
    "Ar36": {
        "error": 0.0010287422759012465, 
        "filter_outliers_dict": {
            "filter_outliers": true, 
            "iterations": 2, 
            "std_devs": 2
        }, 
        "fit": "Parabolic", 
        "value": 0.2531664205595705
    }, 
    "Ar37": {
        "error": 0.012002904082401445, 
        "filter_outliers_dict": {
            "filter_outliers": true, 
            "iterations": 2, 
            "std_devs": 2
        }, 
        "fit": "linear", 
        "value": -0.5132528061704166
    }, 
    "Ar38": {
        "error": 0.011911256716545505, 
        "filter_outliers_dict": {
            "filter_outliers": true, 
            "iterations": 2, 
            "std_devs": 2
        }, 
        "fit": "linear", 
        "value": -0.04309835967970772
    }, 
    "Ar39": {
        "error": 0.02448079418275208, 
        "filter_outliers_dict": {
            "filter_outliers": true, 
            "iterations": 2, 
            "std_devs": 2
        }, 
        "fit": "Parabolic", 
        "value": 1.2409989078302126
    }, 
    "Ar40": {
        "error": 0.02385543206056654, 
        "filter_outliers_dict": {
            "filter_outliers": true, 
            "iterations": 2, 
            "std_devs": 2
        }, 
        "fit": "Parabolic", 
        "value": 77.92155068727868
    }
}