{
    "Ar36": {
        "error": 0.00040063083546253804, 
        "filter_outliers_dict": {
            "filter_outliers": true, 
            "iterations": 2, 
            "std_devs": 2
        }, 
        "fit": "Parabolic", 
        "value": 0.0354345849872342
    }, 
    "Ar37": {
        "error": 0.011100878054910963, 
        "filter_outliers_dict": {
            "filter_outliers": true, 
            "iterations": 2, 
            "std_devs": 2
        }, 
        "fit": "linear", 
        "value": -0.532572789887956
    }, 
    "Ar38": {
        "error": 0.012372318539576387, 
        "filter_outliers_dict": {
            "filter_outliers": true, 
            "iterations": 2, 
            "std_devs": 2
        }, 
        "fit": "linear", 
        "value": 0.12510497306174848
    }, 
    "Ar39": {
        "error": 0.022580921381099142, 
        "filter_outliers_dict": {
            "filter_outliers": true, 
            "iterations": 2, 
            "std_devs": 2
        }, 
        "fit": "Parabolic", 
        "value": 8.508368003295185
    }, 
    "Ar40": {
        "error": 0.02155214428971745, 
        "filter_outliers_dict": {
            "filter_outliers": true, 
            "iterations": 2, 
            "std_devs": 2
        }, 
        "fit": "Parabolic", 
        "value": 32.36282525149591
    }
}