{
    "Ar36": {
        "error": 0.0007115073151238834, 
        "filter_outliers_dict": {
            "filter_outliers": true, 
            "iterations": 2, 
            "std_devs": 2
        }, 
        "fit": "Parabolic", 
        "value": 0.11872489929006853
    }, 
    "Ar37": {
        "error": 0.012485982144169036, 
        "filter_outliers_dict": {
            "filter_outliers": true, 
            "iterations": 2, 
            "std_devs": 2
        }, 
        "fit": "linear", 
        "value": 18.55336428131112
    }, 
    "Ar38": {
        "error": 0.012459217463305475, 
        "filter_outliers_dict": {
            "filter_outliers": true, 
            "iterations": 2, 
            "std_devs": 2
        }, 
        "fit": "linear", 
        "value": 1.2803998010240072
    }, 
    "Ar39": {
        "error": 0.023511671129655545, 
        "filter_outliers_dict": {
            "filter_outliers": true, 
            "iterations": 2, 
            "std_devs": 2
        }, 
        "fit": "Parabolic", 
        "value": 24.683102962588414
    }, 
    "Ar40": {
        "error": 0.026013949189133315, 
        "filter_outliers_dict": {
            "filter_outliers": true, 
            "iterations": 2, 
            "std_devs": 2
        }, 
        "fit": "Parabolic", 
        "value": 89.42099214410189
    }
}