{
    "Ar36": {
        "error": 0.001317009825063723, 
        "filter_outliers_dict": {
            "filter_outliers": true, 
            "iterations": 1, 
            "std_devs": 2
        }, 
        "fit": "Linear", 
        "value": 0.193110133540225
    }, 
    "Ar37": {
        "error": 0.009967398742131704, 
        "filter_outliers_dict": {
            "filter_outliers": true, 
            "iterations": 1, 
            "std_devs": 2
        }, 
        "fit": "linear", 
        "value": 0.1346114500835035
    }, 
    "Ar38": {
        "error": 0.007166958087285285, 
        "filter_outliers_dict": {
            "filter_outliers": true, 
            "iterations": 1, 
            "std_devs": 2
        }, 
        "fit": "linear", 
        "value": 5.871806587581528
    }, 
    "Ar39": {
        "error": 0.040472158284693305, 
        "filter_outliers_dict": {
            "filter_outliers": true, 
            "iterations": 1, 
            "std_devs": 2
        }, 
        "fit": "Linear", 
        "value": 459.3686174215736
    }, 
    "Ar40": {
        "error": 0.07225908703706156, 
        "filter_outliers_dict": {
            "filter_outliers": true, 
            "iterations": 1, 
            "std_devs": 2
        }, 
        "fit": "Linear", 
        "value": 1316.4617100841656
    }, 
    "Ar41": {
        "error": 0.0034273021943427204, 
        "filter_outliers_dict": {
            "filter_outliers": true, 
            "iterations": 1, 
            "std_devs": 2
        }, 
        "fit": "Average", 
        "value": -0.0016514612053443929
    }
}