{
    "Ar36": {
        "error": 0.0010745898632934987, 
        "filter_outliers_dict": {
            "filter_outliers": true, 
            "iterations": 1, 
            "std_devs": 2
        }, 
        "fit": "Linear", 
        "value": 0.18913064306971925
    }, 
    "Ar37": {
        "error": 0.010148573667493404, 
        "filter_outliers_dict": {
            "filter_outliers": true, 
            "iterations": 1, 
            "std_devs": 2
        }, 
        "fit": "linear", 
        "value": 0.059802499227434594
    }, 
    "Ar38": {
        "error": 0.006252527485230462, 
        "filter_outliers_dict": {
            "filter_outliers": true, 
            "iterations": 1, 
            "std_devs": 2
        }, 
        "fit": "linear", 
        "value": 3.780586561909682
    }, 
    "Ar39": {
        "error": 0.031088286581779104, 
        "filter_outliers_dict": {
            "filter_outliers": true, 
            "iterations": 1, 
            "std_devs": 2
        }, 
        "fit": "Linear", 
        "value": 276.4026053130359
    }, 
    "Ar40": {
        "error": 0.03606854547395748, 
        "filter_outliers_dict": {
            "filter_outliers": true, 
            "iterations": 1, 
            "std_devs": 2
        }, 
        "fit": "Linear", 
        "value": 356.6870193617144
    }, 
    "Ar41": {
        "error": 0.003130383016585644, 
        "filter_outliers_dict": {
            "filter_outliers": true, 
            "iterations": 1, 
            "std_devs": 2
        }, 
        "fit": "Average", 
        "value": -0.0643827099989513
    }
}