{
    "Ar36": {
        "error": 0.00015401706649646914, 
        "filter_outliers_dict": {
            "filter_outliers": true, 
            "iterations": 2, 
            "std_devs": 2
        }, 
        "fit": "Parabolic", 
        "value": 0.0020263898911959586
    }, 
    "Ar37": {
        "error": 0.012785061251512846, 
        "filter_outliers_dict": {
            "filter_outliers": true, 
            "iterations": 2, 
            "std_devs": 2
        }, 
        "fit": "linear", 
        "value": -0.5323416306438898
    }, 
    "Ar38": {
        "error": 0.012523590614920782, 
        "filter_outliers_dict": {
            "filter_outliers": true, 
            "iterations": 2, 
            "std_devs": 2
        }, 
        "fit": "linear", 
        "value": -0.09772874295586823
    }, 
    "Ar39": {
        "error": 0.023993440312446216, 
        "filter_outliers_dict": {
            "filter_outliers": true, 
            "iterations": 2, 
            "std_devs": 2
        }, 
        "fit": "Parabolic", 
        "value": -0.02797592617198348
    }, 
    "Ar40": {
        "error": 0.01812070840572939, 
        "filter_outliers_dict": {
            "filter_outliers": true, 
            "iterations": 2, 
            "std_devs": 2
        }, 
        "fit": "Parabolic", 
        "value": 0.47883029037487346
    }
}