{
    "Ar36": {
        "error": 0.00019968548604169082, 
        "filter_outliers_dict": {
            "filter_outliers": true, 
            "iterations": 2, 
            "std_devs": 2
        }, 
        "fit": "Parabolic", 
        "value": 0.004235687498467748
    }, 
    "Ar37": {
        "error": 0.011467630845222036, 
        "filter_outliers_dict": {
            "filter_outliers": true, 
            "iterations": 2, 
            "std_devs": 2
        }, 
        "fit": "linear", 
        "value": -0.1994976747876449
    }, 
    "Ar38": {
        "error": 0.012047293495266136, 
        "filter_outliers_dict": {
            "filter_outliers": true, 
            "iterations": 2, 
            "std_devs": 2
        }, 
        "fit": "linear", 
        "value": -0.11023623923153912
    }, 
    "Ar39": {
        "error": 0.02420222141047658, 
        "filter_outliers_dict": {
            "filter_outliers": true, 
            "iterations": 2, 
            "std_devs": 2
        }, 
        "fit": "Parabolic", 
        "value": -0.09191646681576884
    }, 
    "Ar40": {
        "error": 0.0195492686253123, 
        "filter_outliers_dict": {
            "filter_outliers": true, 
            "iterations": 2, 
            "std_devs": 2
        }, 
        "fit": "Parabolic", 
        "value": 0.3314921234340372
    }
}