{
    "AX": {
        "error": 0.005518818909526288, 
        "fit": "average", 
        "value": 0.034806164301559285
    }, 
    "CDD": {
        "error": 3.432803806530823e-06, 
        "fit": "average", 
        "value": 1.0008256930161533e-05
    }, 
    "H1": {
        "error": 0.004018474359628481, 
        "fit": "average", 
        "value": -0.04321342266326275
    }, 
    "H2": {
        "error": 0.005387762353451227, 
        "fit": "average", 
        "value": 0.08059339950046564
    }, 
    "L1": {
        "error": 0.004882183641854199, 
        "fit": "average", 
        "value": 0.13156135171413383
    }, 
    "L2": {
        "error": 0.0020517838089204963, 
        "fit": "average", 
        "value": 0.006525386964252934
    }
}