{
    "AX": {
        "error": 0.005122291474087086, 
        "fit": "average", 
        "value": 0.04683181830317128
    }, 
    "CDD": {
        "error": 2.148565196314292e-06, 
        "fit": "average", 
        "value": 3.7530963488105745e-06
    }, 
    "H1": {
        "error": 0.004057751329865309, 
        "fit": "average", 
        "value": -0.03722218029878611
    }, 
    "H2": {
        "error": 0.005147764747368989, 
        "fit": "average", 
        "value": 0.07381082371086295
    }, 
    "L1": {
        "error": 0.004825659481493845, 
        "fit": "average", 
        "value": 0.14006117767775658
    }, 
    "L2": {
        "error": 0.0020290816138898143, 
        "fit": "average", 
        "value": -0.001283539043933142
    }
}