{
    "Ar36": {
        "error": 0.0014610943712934541, 
        "filter_outliers_dict": {
            "filter_outliers": true, 
            "iterations": 2, 
            "std_devs": 2
        }, 
        "fit": "Parabolic", 
        "value": 0.48159796905254415
    }, 
    "Ar37": {
        "error": 0.012950655053038801, 
        "filter_outliers_dict": {
            "filter_outliers": true, 
            "iterations": 2, 
            "std_devs": 2
        }, 
        "fit": "linear", 
        "value": 3.257898471228966
    }, 
    "Ar38": {
        "error": 0.013078396733135864, 
        "filter_outliers_dict": {
            "filter_outliers": true, 
            "iterations": 2, 
            "std_devs": 2
        }, 
        "fit": "linear", 
        "value": 3.800182422503667
    }, 
    "Ar39": {
        "error": 0.026451619488073026, 
        "filter_outliers_dict": {
            "filter_outliers": true, 
            "iterations": 2, 
            "std_devs": 2
        }, 
        "fit": "Parabolic", 
        "value": 56.91393072917784
    }, 
    "Ar40": {
        "error": 0.03508414597805199, 
        "filter_outliers_dict": {
            "filter_outliers": true, 
            "iterations": 2, 
            "std_devs": 2
        }, 
        "fit": "Parabolic", 
        "value": 207.86582456723306
    }
}