{
    "AX": {
        "error": 0.005156145985606458, 
        "fit": "average", 
        "value": 0.05530300613660993
    }, 
    "CDD": {
        "error": 8.864697854511356e-06, 
        "fit": "average", 
        "value": 6.880676663347596e-05
    }, 
    "H1": {
        "error": 0.004038588733586702, 
        "fit": "average", 
        "value": -0.023076898710906946
    }, 
    "H2": {
        "error": 0.004985977906743926, 
        "fit": "average", 
        "value": 0.07880768112915107
    }, 
    "L1": {
        "error": 0.0050338136592856875, 
        "fit": "average", 
        "value": 0.1304878689735798
    }, 
    "L2": {
        "error": 0.0018057225816426878, 
        "fit": "average", 
        "value": -0.002048035311104488
    }
}