{
    "AX": {
        "error": 0.005368827544057257, 
        "fit": "average", 
        "value": 0.059348374655047303
    }, 
    "CDD": {
        "error": 1.1465898901506757e-05, 
        "fit": "average", 
        "value": 9.758050573719816e-05
    }, 
    "H1": {
        "error": 0.004203161961214261, 
        "fit": "average", 
        "value": -0.026226066671009508
    }, 
    "H2": {
        "error": 0.0049664747027096485, 
        "fit": "average", 
        "value": 0.07961276736114994
    }, 
    "L1": {
        "error": 0.00540150448515544, 
        "fit": "average", 
        "value": 0.14264866083639705
    }, 
    "L2": {
        "error": 0.0020021699125779505, 
        "fit": "average", 
        "value": -0.0407792342670075
    }
}