{
    "Ar36": {
        "error": 0.0035550857213130327, 
        "filter_outliers_dict": {
            "filter_outliers": true, 
            "iterations": 2, 
            "std_devs": 2
        }, 
        "fit": "Parabolic", 
        "value": 2.7289550823722606
    }, 
    "Ar37": {
        "error": 0.011964331960783172, 
        "filter_outliers_dict": {
            "filter_outliers": true, 
            "iterations": 2, 
            "std_devs": 2
        }, 
        "fit": "linear", 
        "value": -0.555925016459025
    }, 
    "Ar38": {
        "error": 0.01161497331449604, 
        "filter_outliers_dict": {
            "filter_outliers": true, 
            "iterations": 2, 
            "std_devs": 2
        }, 
        "fit": "linear", 
        "value": 0.43568038052325286
    }, 
    "Ar39": {
        "error": 0.022438211636334044, 
        "filter_outliers_dict": {
            "filter_outliers": true, 
            "iterations": 2, 
            "std_devs": 2
        }, 
        "fit": "Parabolic", 
        "value": -0.031244399371400288
    }, 
    "Ar40": {
        "error": 0.05971504241579327, 
        "filter_outliers_dict": {
            "filter_outliers": true, 
            "iterations": 2, 
            "std_devs": 2
        }, 
        "fit": "Parabolic", 
        "value": 828.0594245744567
    }
}