{
    "Ar36": {
        "error": 0.003796674679539158, 
        "filter_outliers_dict": {
            "filter_outliers": true, 
            "iterations": 2, 
            "std_devs": 2
        }, 
        "fit": "Parabolic", 
        "value": 2.6990512870718955
    }, 
    "Ar37": {
        "error": 0.011848252852700532, 
        "filter_outliers_dict": {
            "filter_outliers": true, 
            "iterations": 2, 
            "std_devs": 2
        }, 
        "fit": "linear", 
        "value": -0.17193083866312633
    }, 
    "Ar38": {
        "error": 0.01347250236500253, 
        "filter_outliers_dict": {
            "filter_outliers": true, 
            "iterations": 2, 
            "std_devs": 2
        }, 
        "fit": "linear", 
        "value": 0.4136471760435061
    }, 
    "Ar39": {
        "error": 0.023126329857144107, 
        "filter_outliers_dict": {
            "filter_outliers": true, 
            "iterations": 2, 
            "std_devs": 2
        }, 
        "fit": "Parabolic", 
        "value": -0.07526551760075342
    }, 
    "Ar40": {
        "error": 0.051786479768455684, 
        "filter_outliers_dict": {
            "filter_outliers": true, 
            "iterations": 2, 
            "std_devs": 2
        }, 
        "fit": "Parabolic", 
        "value": 823.3131168936214
    }
}