{
    "Ar36": {
        "error": 0.044782363871700266, 
        "fit": "Parabolic", 
        "value": 4.302403510185449
    }, 
    "Ar37": {
        "error": 0.021697487968741026, 
        "fit": "linear", 
        "value": 0.017744245991082496
    }, 
    "Ar38": {
        "error": 0.022708481193251313, 
        "fit": "linear", 
        "value": 1.1745103213577734
    }, 
    "Ar39": {
        "error": 0.03287153700305485, 
        "fit": "Parabolic", 
        "value": 0.02662058934744145
    }, 
    "Ar40": {
        "error": 0.17135962782034425, 
        "fit": "Parabolic", 
        "value": 1349.912512226049
    }
}