{
    "Ar36": {
        "error": 0.0047560262153367484, 
        "filter_outliers_dict": {
            "filter_outliers": true, 
            "iterations": 1, 
            "std_devs": 2
        }, 
        "fit": "Parabolic", 
        "value": 4.219869162841917
    }, 
    "Ar37": {
        "error": 0.011352703467170155, 
        "filter_outliers_dict": {
            "filter_outliers": true, 
            "iterations": 1, 
            "std_devs": 2
        }, 
        "fit": "linear", 
        "value": -0.10966588275574526
    }, 
    "Ar38": {
        "error": 0.023687274036697733, 
        "filter_outliers_dict": {
            "filter_outliers": true, 
            "iterations": 1, 
            "std_devs": 2
        }, 
        "fit": "linear", 
        "value": 0.9103733199449113
    }, 
    "Ar39": {
        "error": 0.024610695245383944, 
        "filter_outliers_dict": {
            "filter_outliers": true, 
            "iterations": 1, 
            "std_devs": 2
        }, 
        "fit": "Parabolic", 
        "value": 0.061752717309007756
    }, 
    "Ar40": {
        "error": 0.0849936796218222, 
        "filter_outliers_dict": {
            "filter_outliers": true, 
            "iterations": 1, 
            "std_devs": 2
        }, 
        "fit": "Parabolic", 
        "value": 1298.4229822731966
    }
}