{
    "AX": {
        "error": 0.005179851682852702, 
        "filter_outliers_dict": {
            "filter_outliers": false, 
            "iterations": 1, 
            "std_devs": 2
        }, 
        "fit": "average_SEM", 
        "value": -0.048000806250843166
    }, 
    "H1": {
        "error": 0.0044922295841262625, 
        "filter_outliers_dict": {
            "filter_outliers": false, 
            "iterations": 1, 
            "std_devs": 2
        }, 
        "fit": "average_SEM", 
        "value": -0.020311373511987738
    }, 
    "L2": {
        "error": 0.004918662473855915, 
        "filter_outliers_dict": {
            "filter_outliers": false, 
            "iterations": 1, 
            "std_devs": 2
        }, 
        "fit": "average_SEM", 
        "value": -0.0068549738618363205
    }
}