{
    "Ar40AX": {
        "error": 0.0788024604119029, 
        "filter_outliers_dict": {
            "filter_outliers": false, 
            "iterations": 1, 
            "std_devs": 2
        }, 
        "fit": "parabolic", 
        "value": 0.021868915313397446
    }, 
    "Ar40H1": {
        "error": 0.048385964354036304, 
        "filter_outliers_dict": {
            "filter_outliers": false, 
            "iterations": 1, 
            "std_devs": 2
        }, 
        "fit": "parabolic", 
        "value": 0.0710642875630425
    }, 
    "Ar40L2": {
        "error": 0.06079257941208067, 
        "filter_outliers_dict": {
            "filter_outliers": false, 
            "iterations": 1, 
            "std_devs": 2
        }, 
        "fit": "parabolic", 
        "value": 0.012900115932455079
    }
}