{
    "Ar36": {
        "error": 0.00024823672196322714, 
        "fit": "Parabolic", 
        "value": 0.00435806954203837
    }, 
    "Ar37": {
        "error": 0.003511540777317867, 
        "fit": "linear", 
        "value": 0.013171082002504218
    }, 
    "Ar38": {
        "error": 0.008470586530128077, 
        "fit": "linear", 
        "value": 0.13110460469378343
    }, 
    "Ar39": {
        "error": 0.015616537179007208, 
        "fit": "Parabolic", 
        "value": 0.06598503738961806
    }, 
    "Ar40": {
        "error": 0.011881378347664173, 
        "fit": "Parabolic", 
        "value": 0.9516706824170653
    }, 
    "Ar41": {
        "error": 0.008706513115696672, 
        "fit": "linear", 
        "value": 0.06782889446450974
    }
}