{
    "Ar36": {
        "error": 0.00026812803608742826, 
        "filter_outliers_dict": {
            "filter_outliers": true, 
            "iterations": 1, 
            "std_devs": 2
        }, 
        "fit": "Parabolic", 
        "value": 0.020073285107319917
    }, 
    "Ar37": {
        "error": 0.005051625962105987, 
        "filter_outliers_dict": {
            "filter_outliers": true, 
            "iterations": 1, 
            "std_devs": 2
        }, 
        "fit": "linear", 
        "value": 0.01585950986331232
    }, 
    "Ar38": {
        "error": 0.002352604482261114, 
        "filter_outliers_dict": {
            "filter_outliers": true, 
            "iterations": 1, 
            "std_devs": 2
        }, 
        "fit": "linear", 
        "value": -0.017113220947076343
    }, 
    "Ar39": {
        "error": 0.008750730910057023, 
        "filter_outliers_dict": {
            "filter_outliers": true, 
            "iterations": 1, 
            "std_devs": 2
        }, 
        "fit": "Parabolic", 
        "value": -0.06960493388240421
    }, 
    "Ar40": {
        "error": 0.007606012997649298, 
        "filter_outliers_dict": {
            "filter_outliers": true, 
            "iterations": 1, 
            "std_devs": 2
        }, 
        "fit": "Parabolic", 
        "value": 4.966755620866315
    }, 
    "PM41": {
        "error": 0.06805870499831425, 
        "filter_outliers_dict": {
            "filter_outliers": false, 
            "iterations": 1, 
            "std_devs": 2
        }, 
        "fit": "linear", 
        "value": -0.19363579914494533
    }
}