{
    "Ar36": {
        "error": 0.00029319149602668966, 
        "filter_outliers_dict": {
            "filter_outliers": true, 
            "iterations": 1, 
            "std_devs": 2
        }, 
        "fit": "Parabolic", 
        "value": 0.020166101167634683
    }, 
    "Ar37": {
        "error": 0.005153156540765307, 
        "filter_outliers_dict": {
            "filter_outliers": true, 
            "iterations": 1, 
            "std_devs": 2
        }, 
        "fit": "linear", 
        "value": 0.022471086953219938
    }, 
    "Ar38": {
        "error": 0.002215766808511696, 
        "filter_outliers_dict": {
            "filter_outliers": true, 
            "iterations": 1, 
            "std_devs": 2
        }, 
        "fit": "linear", 
        "value": -0.01222227982655965
    }, 
    "Ar39": {
        "error": 0.00885350777729553, 
        "filter_outliers_dict": {
            "filter_outliers": true, 
            "iterations": 1, 
            "std_devs": 2
        }, 
        "fit": "Parabolic", 
        "value": -0.03463396831265799
    }, 
    "Ar40": {
        "error": 0.007512247712861683, 
        "filter_outliers_dict": {
            "filter_outliers": true, 
            "iterations": 1, 
            "std_devs": 2
        }, 
        "fit": "Parabolic", 
        "value": 4.8710073028109235
    }, 
    "PM41": {
        "error": 0.0629360531734755, 
        "filter_outliers_dict": {
            "filter_outliers": false, 
            "iterations": 1, 
            "std_devs": 2
        }, 
        "fit": "linear", 
        "value": -0.1777098658779086
    }
}