{
    "Ar36": {
        "error": 0.0002589862444405194, 
        "filter_outliers_dict": {
            "filter_outliers": true, 
            "iterations": 1, 
            "std_devs": 2
        }, 
        "fit": "Parabolic", 
        "value": 0.016679294852874282
    }, 
    "Ar37": {
        "error": 0.0048661366201838245, 
        "filter_outliers_dict": {
            "filter_outliers": true, 
            "iterations": 1, 
            "std_devs": 2
        }, 
        "fit": "linear", 
        "value": 0.01578850586405259
    }, 
    "Ar38": {
        "error": 0.0021446882872791302, 
        "filter_outliers_dict": {
            "filter_outliers": true, 
            "iterations": 1, 
            "std_devs": 2
        }, 
        "fit": "linear", 
        "value": -0.016070358429269654
    }, 
    "Ar39": {
        "error": 0.00910060052700785, 
        "filter_outliers_dict": {
            "filter_outliers": true, 
            "iterations": 1, 
            "std_devs": 2
        }, 
        "fit": "Parabolic", 
        "value": -0.0448788584649787
    }, 
    "Ar40": {
        "error": 0.007653199389816856, 
        "filter_outliers_dict": {
            "filter_outliers": true, 
            "iterations": 1, 
            "std_devs": 2
        }, 
        "fit": "Parabolic", 
        "value": 3.858606855770627
    }, 
    "PM41": {
        "error": 0.06450302324365904, 
        "filter_outliers_dict": {
            "filter_outliers": false, 
            "iterations": 1, 
            "std_devs": 2
        }, 
        "fit": "linear", 
        "value": -0.18133297213596114
    }
}