{
    "Ar36": {
        "error": 0.001277680107418627, 
        "filter_outliers_dict": {
            "filter_outliers": true, 
            "iterations": 2, 
            "std_devs": 2
        }, 
        "fit": "Parabolic", 
        "value": 0.32312674541859265
    }, 
    "Ar37": {
        "error": 0.011735769011930746, 
        "filter_outliers_dict": {
            "filter_outliers": true, 
            "iterations": 2, 
            "std_devs": 2
        }, 
        "fit": "linear", 
        "value": 0.6956115694695021
    }, 
    "Ar38": {
        "error": 0.012288562228168248, 
        "filter_outliers_dict": {
            "filter_outliers": true, 
            "iterations": 2, 
            "std_devs": 2
        }, 
        "fit": "linear", 
        "value": 0.25322682857004686
    }, 
    "Ar39": {
        "error": 0.023347770966310057, 
        "filter_outliers_dict": {
            "filter_outliers": true, 
            "iterations": 2, 
            "std_devs": 2
        }, 
        "fit": "Parabolic", 
        "value": 4.888741465943889
    }, 
    "Ar40": {
        "error": 0.02673930254277159, 
        "filter_outliers_dict": {
            "filter_outliers": true, 
            "iterations": 2, 
            "std_devs": 2
        }, 
        "fit": "Parabolic", 
        "value": 115.14561973967584
    }
}