{
    "Ar36": {
        "error": 0.0009807270114210156, 
        "filter_outliers_dict": {
            "filter_outliers": true, 
            "iterations": 2, 
            "std_devs": 2
        }, 
        "fit": "Parabolic", 
        "value": 0.2576095501347829
    }, 
    "Ar37": {
        "error": 0.011558382813888697, 
        "filter_outliers_dict": {
            "filter_outliers": true, 
            "iterations": 2, 
            "std_devs": 2
        }, 
        "fit": "linear", 
        "value": -0.13771212451752526
    }, 
    "Ar38": {
        "error": 0.013689026989078465, 
        "filter_outliers_dict": {
            "filter_outliers": true, 
            "iterations": 2, 
            "std_devs": 2
        }, 
        "fit": "linear", 
        "value": 0.17103556450726953
    }, 
    "Ar39": {
        "error": 0.02334208223644608, 
        "filter_outliers_dict": {
            "filter_outliers": true, 
            "iterations": 2, 
            "std_devs": 2
        }, 
        "fit": "Parabolic", 
        "value": 2.580819699647835
    }, 
    "Ar40": {
        "error": 0.025705469282088902, 
        "filter_outliers_dict": {
            "filter_outliers": true, 
            "iterations": 2, 
            "std_devs": 2
        }, 
        "fit": "Parabolic", 
        "value": 100.31697600607923
    }
}