{
    "Ar36": {
        "error": 0.0002950604026752733, 
        "filter_outliers_dict": {
            "filter_outliers": true, 
            "iterations": 1, 
            "std_devs": 2
        }, 
        "fit": "Linear", 
        "value": 0.012698467690622297
    }, 
    "Ar37": {
        "error": 0.010774394565374743, 
        "filter_outliers_dict": {
            "filter_outliers": true, 
            "iterations": 1, 
            "std_devs": 2
        }, 
        "fit": "linear", 
        "value": 1.1069541545896202
    }, 
    "Ar38": {
        "error": 0.006006344407536806, 
        "filter_outliers_dict": {
            "filter_outliers": true, 
            "iterations": 1, 
            "std_devs": 2
        }, 
        "fit": "linear", 
        "value": 4.15974156211384
    }, 
    "Ar39": {
        "error": 0.03036398663317162, 
        "filter_outliers_dict": {
            "filter_outliers": true, 
            "iterations": 1, 
            "std_devs": 2
        }, 
        "fit": "Linear", 
        "value": 323.9336257388532
    }, 
    "Ar40": {
        "error": 0.07765567519271564, 
        "filter_outliers_dict": {
            "filter_outliers": true, 
            "iterations": 1, 
            "std_devs": 2
        }, 
        "fit": "Linear", 
        "value": 1811.3474126129604
    }, 
    "PM41": {
        "error": 0.07101685921524946, 
        "filter_outliers_dict": {
            "filter_outliers": false, 
            "iterations": 1, 
            "std_devs": 2
        }, 
        "fit": "linear", 
        "value": -0.09481338537060732
    }
}