{
    "Ar36": {
        "error": 0.0002888234968053505, 
        "filter_outliers_dict": {
            "filter_outliers": true, 
            "iterations": 1, 
            "std_devs": 2
        }, 
        "fit": "Linear", 
        "value": 0.010896539639009913
    }, 
    "Ar37": {
        "error": 0.008694322301220999, 
        "filter_outliers_dict": {
            "filter_outliers": true, 
            "iterations": 1, 
            "std_devs": 2
        }, 
        "fit": "linear", 
        "value": 1.4889478951807162
    }, 
    "Ar38": {
        "error": 0.005394495913907313, 
        "filter_outliers_dict": {
            "filter_outliers": true, 
            "iterations": 1, 
            "std_devs": 2
        }, 
        "fit": "linear", 
        "value": 5.434805751160698
    }, 
    "Ar39": {
        "error": 0.03805763567728393, 
        "filter_outliers_dict": {
            "filter_outliers": true, 
            "iterations": 1, 
            "std_devs": 2
        }, 
        "fit": "Linear", 
        "value": 422.82866877803616
    }, 
    "Ar40": {
        "error": 0.08425768236022302, 
        "filter_outliers_dict": {
            "filter_outliers": true, 
            "iterations": 1, 
            "std_devs": 2
        }, 
        "fit": "Linear", 
        "value": 2361.6288662203133
    }, 
    "PM41": {
        "error": 0.054695801628100865, 
        "filter_outliers_dict": {
            "filter_outliers": false, 
            "iterations": 1, 
            "std_devs": 2
        }, 
        "fit": "linear", 
        "value": -0.08060834271942136
    }
}