{
    "Ar36": {
        "error": 0.0003123689571768302, 
        "filter_outliers_dict": {
            "filter_outliers": true, 
            "iterations": 1, 
            "std_devs": 2
        }, 
        "fit": "Linear", 
        "value": 0.017384816168727606
    }, 
    "Ar37": {
        "error": 0.009881238037654698, 
        "filter_outliers_dict": {
            "filter_outliers": true, 
            "iterations": 1, 
            "std_devs": 2
        }, 
        "fit": "linear", 
        "value": 0.6315638400960013
    }, 
    "Ar38": {
        "error": 0.0051045537999810766, 
        "filter_outliers_dict": {
            "filter_outliers": true, 
            "iterations": 1, 
            "std_devs": 2
        }, 
        "fit": "linear", 
        "value": 2.388423497693344
    }, 
    "Ar39": {
        "error": 0.029683234422501197, 
        "filter_outliers_dict": {
            "filter_outliers": true, 
            "iterations": 1, 
            "std_devs": 2
        }, 
        "fit": "Linear", 
        "value": 184.48804067110046
    }, 
    "Ar40": {
        "error": 0.06114211131897673, 
        "filter_outliers_dict": {
            "filter_outliers": true, 
            "iterations": 1, 
            "std_devs": 2
        }, 
        "fit": "Linear", 
        "value": 1035.0460861192119
    }, 
    "PM41": {
        "error": 0.07687994016766017, 
        "filter_outliers_dict": {
            "filter_outliers": false, 
            "iterations": 1, 
            "std_devs": 2
        }, 
        "fit": "linear", 
        "value": -0.10898984937642772
    }
}