{
    "Ar36": {
        "error": 0.0003876482440949548, 
        "filter_outliers_dict": {
            "filter_outliers": true, 
            "iterations": 1, 
            "std_devs": 2
        }, 
        "fit": "Linear", 
        "value": 0.021072479670311776
    }, 
    "Ar37": {
        "error": 0.00895909918876411, 
        "filter_outliers_dict": {
            "filter_outliers": true, 
            "iterations": 1, 
            "std_devs": 2
        }, 
        "fit": "linear", 
        "value": 1.0196326899031087
    }, 
    "Ar38": {
        "error": 0.005899542290782833, 
        "filter_outliers_dict": {
            "filter_outliers": true, 
            "iterations": 1, 
            "std_devs": 2
        }, 
        "fit": "linear", 
        "value": 4.092257484310279
    }, 
    "Ar39": {
        "error": 0.03300503164703706, 
        "filter_outliers_dict": {
            "filter_outliers": true, 
            "iterations": 1, 
            "std_devs": 2
        }, 
        "fit": "Linear", 
        "value": 315.1829640762828
    }, 
    "Ar40": {
        "error": 0.09962693376186418, 
        "filter_outliers_dict": {
            "filter_outliers": true, 
            "iterations": 1, 
            "std_devs": 2
        }, 
        "fit": "Linear", 
        "value": 1762.1117872021418
    }, 
    "PM41": {
        "error": 0.07128246026909844, 
        "filter_outliers_dict": {
            "filter_outliers": false, 
            "iterations": 1, 
            "std_devs": 2
        }, 
        "fit": "linear", 
        "value": -0.10748531819417385
    }
}