{
    "Ar36": {
        "error": 0.0003967141475499541, 
        "filter_outliers_dict": {
            "filter_outliers": true, 
            "iterations": 1, 
            "std_devs": 2
        }, 
        "fit": "Linear", 
        "value": 0.019079469985295965
    }, 
    "Ar37": {
        "error": 0.010320694924513917, 
        "filter_outliers_dict": {
            "filter_outliers": true, 
            "iterations": 1, 
            "std_devs": 2
        }, 
        "fit": "linear", 
        "value": 0.29344236410173863
    }, 
    "Ar38": {
        "error": 0.005000719007341431, 
        "filter_outliers_dict": {
            "filter_outliers": true, 
            "iterations": 1, 
            "std_devs": 2
        }, 
        "fit": "linear", 
        "value": 2.262523213273086
    }, 
    "Ar39": {
        "error": 0.025330974461806134, 
        "filter_outliers_dict": {
            "filter_outliers": true, 
            "iterations": 1, 
            "std_devs": 2
        }, 
        "fit": "Linear", 
        "value": 167.86773455966375
    }, 
    "Ar40": {
        "error": 0.0565219975632237, 
        "filter_outliers_dict": {
            "filter_outliers": true, 
            "iterations": 1, 
            "std_devs": 2
        }, 
        "fit": "Linear", 
        "value": 946.9642115195018
    }, 
    "Ar41": {
        "error": 0.0029690128149013908, 
        "filter_outliers_dict": {
            "filter_outliers": true, 
            "iterations": 1, 
            "std_devs": 2
        }, 
        "fit": "Average", 
        "value": -0.03462562438411968
    }
}